,Date,Price
0,2015-01-01,314.0
1,2015-01-02,315.25
2,2015-01-03,315.25
3,2015-01-04,315.25
4,2015-01-05,312.75
5,2015-01-06,299.9
6,2015-01-07,300.15
7,2015-01-08,304.85
8,2015-01-09,303.2
9,2015-01-10,303.2
10,2015-01-11,303.2
11,2015-01-12,307.1
12,2015-01-13,305.1
13,2015-01-14,304.7
14,2015-01-15,320.3
15,2015-01-16,315.45
16,2015-01-17,315.45
17,2015-01-18,315.45
18,2015-01-19,313.15
19,2015-01-20,318.15
20,2015-01-21,326.2
21,2015-01-22,324.65
22,2015-01-23,327.45
23,2015-01-24,327.45
24,2015-01-25,327.45
25,2015-01-26,327.45
26,2015-01-27,330.05
27,2015-01-28,334.6
28,2015-01-29,327.0
29,2015-01-30,308.95
30,2015-01-31,308.95
31,2015-02-01,308.95
32,2015-02-02,307.5
33,2015-02-03,300.3
34,2015-02-04,293.05
35,2015-02-05,290.8
36,2015-02-06,290.3
37,2015-02-07,290.3
38,2015-02-08,290.3
39,2015-02-09,279.5
40,2015-02-10,287.3
41,2015-02-11,285.95
42,2015-02-12,284.3
43,2015-02-13,306.95
44,2015-02-14,306.95
45,2015-02-15,306.95
46,2015-02-16,306.7
47,2015-02-17,306.7
48,2015-02-18,305.7
49,2015-02-19,302.35
50,2015-02-20,302.3
51,2015-02-21,302.3
52,2015-02-22,302.3
53,2015-02-23,296.55
54,2015-02-24,296.25
55,2015-02-25,295.55
56,2015-02-26,289.4
57,2015-02-27,299.9
58,2015-02-28,301.65
59,2015-03-01,301.65
60,2015-03-02,302.0
61,2015-03-03,302.6
62,2015-03-04,293.85
63,2015-03-05,293.8
64,2015-03-06,293.8
65,2015-03-07,293.8
66,2015-03-08,293.8
67,2015-03-09,290.65
68,2015-03-10,287.6
69,2015-03-11,285.15
70,2015-03-12,286.85
71,2015-03-13,280.75
72,2015-03-14,280.75
73,2015-03-15,280.75
74,2015-03-16,281.65
75,2015-03-17,283.1
76,2015-03-18,287.3
77,2015-03-19,281.6
78,2015-03-20,278.25
79,2015-03-21,278.25
80,2015-03-22,278.25
81,2015-03-23,274.75
82,2015-03-24,270.55
83,2015-03-25,265.4
84,2015-03-26,256.65
85,2015-03-27,263.6
86,2015-03-28,263.6
87,2015-03-29,263.6
88,2015-03-30,267.9
89,2015-03-31,267.05
90,2015-04-01,273.45
91,2015-04-02,273.45
92,2015-04-03,273.45
93,2015-04-04,273.45
94,2015-04-05,273.45
95,2015-04-06,274.65
96,2015-04-07,272.05
97,2015-04-08,273.9
98,2015-04-09,280.85
99,2015-04-10,285.75
100,2015-04-11,285.75
101,2015-04-12,285.75
102,2015-04-13,286.3
103,2015-04-14,286.3
104,2015-04-15,290.0
105,2015-04-16,292.4
106,2015-04-17,291.75
107,2015-04-18,291.75
108,2015-04-19,291.75
109,2015-04-20,287.65
110,2015-04-21,289.2
111,2015-04-22,283.85
112,2015-04-23,277.65
113,2015-04-24,275.55
114,2015-04-25,275.55
115,2015-04-26,275.55
116,2015-04-27,267.05
117,2015-04-28,272.5
118,2015-04-29,271.9
119,2015-04-30,269.75
120,2015-05-01,269.75
121,2015-05-02,269.75
122,2015-05-03,269.75
123,2015-05-04,277.15
124,2015-05-05,272.05
125,2015-05-06,265.4
126,2015-05-07,260.95
127,2015-05-08,261.95
128,2015-05-09,261.95
129,2015-05-10,261.95
130,2015-05-11,276.05
131,2015-05-12,267.4
132,2015-05-13,274.3
133,2015-05-14,280.95
134,2015-05-15,287.45
135,2015-05-16,287.45
136,2015-05-17,287.45
137,2015-05-18,289.75
138,2015-05-19,288.45
139,2015-05-20,292.6
140,2015-05-21,290.25
141,2015-05-22,282.45
142,2015-05-23,282.45
143,2015-05-24,282.45
144,2015-05-25,277.65
145,2015-05-26,277.15
146,2015-05-27,280.75
147,2015-05-28,277.6
148,2015-05-29,278.15
149,2015-05-30,278.15
150,2015-05-31,278.15
151,2015-06-01,278.2
152,2015-06-02,266.25
153,2015-06-03,257.4
154,2015-06-04,257.6
155,2015-06-05,257.8
156,2015-06-06,257.8
157,2015-06-07,257.8
158,2015-06-08,254.95
159,2015-06-09,257.6
160,2015-06-10,260.6
161,2015-06-11,254.0
162,2015-06-12,253.95
163,2015-06-13,253.95
164,2015-06-14,253.95
165,2015-06-15,250.25
166,2015-06-16,254.6
167,2015-06-17,255.1
168,2015-06-18,258.1
169,2015-06-19,260.15
170,2015-06-20,260.15
171,2015-06-21,260.15
172,2015-06-22,266.0
173,2015-06-23,267.75
174,2015-06-24,262.35
175,2015-06-25,264.8
176,2015-06-26,265.2
177,2015-06-27,265.2
178,2015-06-28,265.2
179,2015-06-29,259.65
180,2015-06-30,262.75
181,2015-07-01,267.75
182,2015-07-02,267.85
183,2015-07-03,269.4
184,2015-07-04,269.4
185,2015-07-05,269.4
186,2015-07-06,270.8
187,2015-07-07,272.9
188,2015-07-08,267.35
189,2015-07-09,267.75
190,2015-07-10,270.55
191,2015-07-11,270.55
192,2015-07-12,270.55
193,2015-07-13,273.7
194,2015-07-14,268.2
195,2015-07-15,268.05
196,2015-07-16,272.2
197,2015-07-17,271.1
198,2015-07-18,271.1
199,2015-07-19,271.1
200,2015-07-20,267.45
201,2015-07-21,264.3
202,2015-07-22,268.55
203,2015-07-23,270.05
204,2015-07-24,263.25
205,2015-07-25,263.25
206,2015-07-26,263.25
207,2015-07-27,258.45
208,2015-07-28,259.2
209,2015-07-29,253.6
210,2015-07-30,256.8
211,2015-07-31,270.05
212,2015-08-01,270.05
213,2015-08-02,270.05
214,2015-08-03,281.05
215,2015-08-04,288.6
216,2015-08-05,285.4
217,2015-08-06,289.05
218,2015-08-07,281.3
219,2015-08-08,281.3
220,2015-08-09,281.3
221,2015-08-10,282.75
222,2015-08-11,268.8
223,2015-08-12,256.35
224,2015-08-13,259.3
225,2015-08-14,268.5
226,2015-08-15,268.5
227,2015-08-16,268.5
228,2015-08-17,279.75
229,2015-08-18,284.8
230,2015-08-19,278.0
231,2015-08-20,270.55
232,2015-08-21,267.5
233,2015-08-22,267.5
234,2015-08-23,267.5
235,2015-08-24,245.4
236,2015-08-25,253.35
237,2015-08-26,245.7
238,2015-08-27,249.45
239,2015-08-28,248.95
240,2015-08-29,248.95
241,2015-08-30,248.95
242,2015-08-31,247.35
243,2015-09-01,239.1
244,2015-09-02,230.55
245,2015-09-03,232.25
246,2015-09-04,225.15
247,2015-09-05,225.15
248,2015-09-06,225.15
249,2015-09-07,221.1
250,2015-09-08,228.35
251,2015-09-09,231.65
252,2015-09-10,227.45
253,2015-09-11,230.1
254,2015-09-12,230.1
255,2015-09-13,230.1
256,2015-09-14,235.25
257,2015-09-15,234.0
258,2015-09-16,236.8
259,2015-09-17,236.8
260,2015-09-18,242.0
261,2015-09-19,242.0
262,2015-09-20,242.0
263,2015-09-21,245.25
264,2015-09-22,237.95
265,2015-09-23,239.85
266,2015-09-24,239.05
267,2015-09-25,239.05
268,2015-09-26,239.05
269,2015-09-27,239.05
270,2015-09-28,239.45
271,2015-09-29,241.9
272,2015-09-30,237.15
273,2015-10-01,235.15
274,2015-10-02,235.15
275,2015-10-03,235.15
276,2015-10-04,235.15
277,2015-10-05,240.0
278,2015-10-06,240.1
279,2015-10-07,243.55
280,2015-10-08,243.3
281,2015-10-09,243.45
282,2015-10-10,243.45
283,2015-10-11,243.45
284,2015-10-12,244.55
285,2015-10-13,243.8
286,2015-10-14,244.25
287,2015-10-15,248.95
288,2015-10-16,254.85
289,2015-10-17,254.85
290,2015-10-18,254.85
291,2015-10-19,254.5
292,2015-10-20,254.85
293,2015-10-21,249.8
294,2015-10-22,249.8
295,2015-10-23,253.4
296,2015-10-24,253.4
297,2015-10-25,253.4
298,2015-10-26,251.25
299,2015-10-27,248.8
300,2015-10-28,242.05
301,2015-10-29,236.95
302,2015-10-30,237.05
303,2015-10-31,237.05
304,2015-11-01,237.05
305,2015-11-02,236.9
306,2015-11-03,235.95
307,2015-11-04,239.0
308,2015-11-05,233.9
309,2015-11-06,243.0
310,2015-11-07,243.0
311,2015-11-08,243.0
312,2015-11-09,246.1
313,2015-11-10,241.2
314,2015-11-11,243.15
315,2015-11-12,243.15
316,2015-11-13,240.25
317,2015-11-14,240.25
318,2015-11-15,240.25
319,2015-11-16,248.3
320,2015-11-17,247.85
321,2015-11-18,241.0
322,2015-11-19,243.9
323,2015-11-20,242.95
324,2015-11-21,242.95
325,2015-11-22,242.95
326,2015-11-23,242.7
327,2015-11-24,241.4
328,2015-11-25,241.4
329,2015-11-26,242.5
330,2015-11-27,249.7
331,2015-11-28,249.7
332,2015-11-29,249.7
333,2015-11-30,250.2
334,2015-12-01,250.2
335,2015-12-02,244.6
336,2015-12-03,241.1
337,2015-12-04,241.1
338,2015-12-05,241.1
339,2015-12-06,241.1
340,2015-12-07,238.65
341,2015-12-08,235.95
342,2015-12-09,234.4
343,2015-12-10,231.95
344,2015-12-11,227.3
345,2015-12-12,227.3
346,2015-12-13,227.3
347,2015-12-14,225.95
348,2015-12-15,226.4
349,2015-12-16,227.3
350,2015-12-17,230.9
351,2015-12-18,226.5
352,2015-12-19,226.5
353,2015-12-20,226.5
354,2015-12-21,230.45
355,2015-12-22,228.35
356,2015-12-23,229.65
357,2015-12-24,228.3
358,2015-12-25,228.3
359,2015-12-26,228.3
360,2015-12-27,228.3
361,2015-12-28,228.9
362,2015-12-29,228.2
363,2015-12-30,225.8
364,2015-12-31,224.45
365,2016-01-01,227.8
366,2016-01-02,227.8
367,2016-01-03,227.8
368,2016-01-04,220.7
369,2016-01-05,217.75
370,2016-01-06,216.85
371,2016-01-07,209.55
372,2016-01-08,208.95
373,2016-01-09,208.95
374,2016-01-10,208.95
375,2016-01-11,204.3
376,2016-01-12,199.4
377,2016-01-13,200.9
378,2016-01-14,196.05
379,2016-01-15,184.3
380,2016-01-16,184.3
381,2016-01-17,184.3
382,2016-01-18,181.0
383,2016-01-19,182.95
384,2016-01-20,173.65
385,2016-01-21,175.6
386,2016-01-22,184.6
387,2016-01-23,184.6
388,2016-01-24,184.6
389,2016-01-25,182.95
390,2016-01-26,182.95
391,2016-01-27,184.4
392,2016-01-28,185.25
393,2016-01-29,179.9
394,2016-01-30,179.9
395,2016-01-31,179.9
396,2016-02-01,172.75
397,2016-02-02,169.4
398,2016-02-03,166.05
399,2016-02-04,162.85
400,2016-02-05,168.2
401,2016-02-06,168.2
402,2016-02-07,168.2
403,2016-02-08,172.15
404,2016-02-09,167.05
405,2016-02-10,159.0
406,2016-02-11,154.25
407,2016-02-12,154.8
408,2016-02-13,154.8
409,2016-02-14,154.8
410,2016-02-15,167.85
411,2016-02-16,156.4
412,2016-02-17,158.95
413,2016-02-18,159.8
414,2016-02-19,164.7
415,2016-02-20,164.7
416,2016-02-21,164.7
417,2016-02-22,164.95
418,2016-02-23,158.5
419,2016-02-24,156.3
420,2016-02-25,151.8
421,2016-02-26,155.9
422,2016-02-27,155.9
423,2016-02-28,155.9
424,2016-02-29,158.75
425,2016-03-01,162.05
426,2016-03-02,181.15
427,2016-03-03,182.75
428,2016-03-04,188.4
429,2016-03-05,188.4
430,2016-03-06,188.4
431,2016-03-07,188.4
432,2016-03-08,183.35
433,2016-03-09,183.4
434,2016-03-10,180.5
435,2016-03-11,180.1
436,2016-03-12,180.1
437,2016-03-13,180.1
438,2016-03-14,181.75
439,2016-03-15,185.3
440,2016-03-16,185.2
441,2016-03-17,186.35
442,2016-03-18,191.25
443,2016-03-19,191.25
444,2016-03-20,191.25
445,2016-03-21,196.8
446,2016-03-22,197.5
447,2016-03-23,196.6
448,2016-03-24,196.6
449,2016-03-25,196.6
450,2016-03-26,196.6
451,2016-03-27,196.6
452,2016-03-28,188.3
453,2016-03-29,189.5
454,2016-03-30,197.55
455,2016-03-31,194.25
456,2016-04-01,195.65
457,2016-04-02,195.65
458,2016-04-03,195.65
459,2016-04-04,194.7
460,2016-04-05,184.35
461,2016-04-06,183.85
462,2016-04-07,181.95
463,2016-04-08,183.1
464,2016-04-09,183.1
465,2016-04-10,183.1
466,2016-04-11,188.25
467,2016-04-12,187.8
468,2016-04-13,191.9
469,2016-04-14,191.9
470,2016-04-15,191.9
471,2016-04-16,191.9
472,2016-04-17,191.9
473,2016-04-18,186.75
474,2016-04-19,186.75
475,2016-04-20,187.3
476,2016-04-21,194.35
477,2016-04-22,200.15
478,2016-04-23,200.15
479,2016-04-24,200.15
480,2016-04-25,197.05
481,2016-04-26,200.95
482,2016-04-27,196.15
483,2016-04-28,192.05
484,2016-04-29,189.0
485,2016-04-30,189.0
486,2016-05-01,189.0
487,2016-05-02,186.0
488,2016-05-03,184.05
489,2016-05-04,179.95
490,2016-05-05,180.35
491,2016-05-06,184.35
492,2016-05-07,184.35
493,2016-05-08,184.35
494,2016-05-09,188.7
495,2016-05-10,189.5
496,2016-05-11,185.0
497,2016-05-12,188.5
498,2016-05-13,184.85
499,2016-05-14,184.85
500,2016-05-15,184.85
501,2016-05-16,176.8
502,2016-05-17,176.85
503,2016-05-18,179.95
504,2016-05-19,172.7
505,2016-05-20,171.35
506,2016-05-21,171.35
507,2016-05-22,171.35
508,2016-05-23,168.4
509,2016-05-24,169.5
510,2016-05-25,175.1
511,2016-05-26,184.15
512,2016-05-27,195.9
513,2016-05-28,195.9
514,2016-05-29,195.9
515,2016-05-30,198.85
516,2016-05-31,204.95
517,2016-06-01,198.25
518,2016-06-02,200.55
519,2016-06-03,196.6
520,2016-06-04,196.6
521,2016-06-05,196.6
522,2016-06-06,198.9
523,2016-06-07,210.15
524,2016-06-08,210.7
525,2016-06-09,209.95
526,2016-06-10,205.95
527,2016-06-11,205.95
528,2016-06-12,205.95
529,2016-06-13,201.8
530,2016-06-14,207.7
531,2016-06-15,216.05
532,2016-06-16,216.0
533,2016-06-17,213.45
534,2016-06-18,213.45
535,2016-06-19,213.45
536,2016-06-20,215.9
537,2016-06-21,214.0
538,2016-06-22,212.9
539,2016-06-23,217.55
540,2016-06-24,211.25
541,2016-06-25,211.25
542,2016-06-26,211.25
543,2016-06-27,217.15
544,2016-06-28,215.9
545,2016-06-29,217.2
546,2016-06-30,218.8
547,2016-07-01,219.6
548,2016-07-02,219.6
549,2016-07-03,219.6
550,2016-07-04,223.0
551,2016-07-05,223.5
552,2016-07-06,223.5
553,2016-07-07,220.05
554,2016-07-08,218.3
555,2016-07-09,218.3
556,2016-07-10,218.3
557,2016-07-11,224.7
558,2016-07-12,226.7
559,2016-07-13,227.7
560,2016-07-14,232.0
561,2016-07-15,231.5
562,2016-07-16,231.5
563,2016-07-17,231.5
564,2016-07-18,228.75
565,2016-07-19,229.6
566,2016-07-20,231.15
567,2016-07-21,225.65
568,2016-07-22,223.5
569,2016-07-23,223.5
570,2016-07-24,223.5
571,2016-07-25,229.9
572,2016-07-26,226.7
573,2016-07-27,229.25
574,2016-07-28,231.0
575,2016-07-29,229.4
576,2016-07-30,229.4
577,2016-07-31,229.4
578,2016-08-01,227.3
579,2016-08-02,228.05
580,2016-08-03,226.65
581,2016-08-04,225.65
582,2016-08-05,232.75
583,2016-08-06,232.75
584,2016-08-07,232.75
585,2016-08-08,233.25
586,2016-08-09,235.15
587,2016-08-10,231.5
588,2016-08-11,227.15
589,2016-08-12,243.3
590,2016-08-13,243.3
591,2016-08-14,243.3
592,2016-08-15,243.3
593,2016-08-16,246.75
594,2016-08-17,246.25
595,2016-08-18,248.4
596,2016-08-19,258.5
597,2016-08-20,258.5
598,2016-08-21,258.5
599,2016-08-22,254.8
600,2016-08-23,254.75
601,2016-08-24,254.4
602,2016-08-25,250.15
603,2016-08-26,246.6
604,2016-08-27,246.6
605,2016-08-28,246.6
606,2016-08-29,249.05
607,2016-08-30,252.25
608,2016-08-31,252.5
609,2016-09-01,252.0
610,2016-09-02,254.6
611,2016-09-03,254.6
612,2016-09-04,254.6
613,2016-09-05,254.6
614,2016-09-06,260.1
615,2016-09-07,266.8
616,2016-09-08,268.35
617,2016-09-09,264.1
618,2016-09-10,264.1
619,2016-09-11,264.1
620,2016-09-12,252.75
621,2016-09-13,252.75
622,2016-09-14,257.55
623,2016-09-15,256.0
624,2016-09-16,254.3
625,2016-09-17,254.3
626,2016-09-18,254.3
627,2016-09-19,255.65
628,2016-09-20,254.45
629,2016-09-21,251.15
630,2016-09-22,257.9
631,2016-09-23,254.55
632,2016-09-24,254.55
633,2016-09-25,254.55
634,2016-09-26,251.65
635,2016-09-27,249.0
636,2016-09-28,253.75
637,2016-09-29,247.25
638,2016-09-30,251.25
639,2016-10-01,251.25
640,2016-10-02,251.25
641,2016-10-03,255.3
642,2016-10-04,259.75
643,2016-10-05,260.85
644,2016-10-06,256.8
645,2016-10-07,258.7
646,2016-10-08,258.7
647,2016-10-09,258.7
648,2016-10-10,256.6
649,2016-10-11,256.6
650,2016-10-12,256.6
651,2016-10-13,249.65
652,2016-10-14,252.1
653,2016-10-15,252.1
654,2016-10-16,252.1
655,2016-10-17,253.2
656,2016-10-18,256.9
657,2016-10-19,255.4
658,2016-10-20,260.2
659,2016-10-21,258.5
660,2016-10-22,258.5
661,2016-10-23,258.5
662,2016-10-24,262.95
663,2016-10-25,261.45
664,2016-10-26,258.75
665,2016-10-27,255.4
666,2016-10-28,258.0
667,2016-10-29,258.0
668,2016-10-30,257.6
669,2016-10-31,257.6
670,2016-11-01,258.95
671,2016-11-02,251.05
672,2016-11-03,245.65
673,2016-11-04,242.85
674,2016-11-05,242.85
675,2016-11-06,242.85
676,2016-11-07,252.7
677,2016-11-08,252.65
678,2016-11-09,260.0
679,2016-11-10,281.3
680,2016-11-11,273.0
681,2016-11-12,273.0
682,2016-11-13,273.0
683,2016-11-14,273.0
684,2016-11-15,278.2
685,2016-11-16,277.2
686,2016-11-17,277.45
687,2016-11-18,275.8
688,2016-11-19,275.8
689,2016-11-20,275.8
690,2016-11-21,257.35
691,2016-11-22,257.35
692,2016-11-23,258.65
693,2016-11-24,261.75
694,2016-11-25,260.95
695,2016-11-26,260.95
696,2016-11-27,260.95
697,2016-11-28,253.55
698,2016-11-29,252.7
699,2016-11-30,258.35
700,2016-12-01,255.65
701,2016-12-02,254.1
702,2016-12-03,254.1
703,2016-12-04,254.1
704,2016-12-05,256.9
705,2016-12-06,259.1
706,2016-12-07,255.6
707,2016-12-08,259.9
708,2016-12-09,266.65
709,2016-12-10,266.65
710,2016-12-11,266.65
711,2016-12-12,263.65
712,2016-12-13,266.15
713,2016-12-14,262.9
714,2016-12-15,265.4
715,2016-12-16,264.75
716,2016-12-17,264.75
717,2016-12-18,264.75
718,2016-12-19,261.35
719,2016-12-20,254.55
720,2016-12-21,255.35
721,2016-12-22,249.8
722,2016-12-23,249.15
723,2016-12-24,249.15
724,2016-12-25,249.15
725,2016-12-26,244.2
726,2016-12-27,248.75
727,2016-12-28,247.75
728,2016-12-29,247.65
729,2016-12-30,250.2
730,2016-12-31,250.2
731,2017-01-01,250.2
732,2017-01-02,243.6
733,2017-01-03,244.9
734,2017-01-04,242.9
735,2017-01-05,245.35
736,2017-01-06,245.9
737,2017-01-07,245.9
738,2017-01-08,245.9
739,2017-01-09,247.05
740,2017-01-10,248.3
741,2017-01-11,252.15
742,2017-01-12,251.25
743,2017-01-13,250.9
744,2017-01-14,250.9
745,2017-01-15,250.9
746,2017-01-16,255.75
747,2017-01-17,256.0
748,2017-01-18,258.35
749,2017-01-19,258.4
750,2017-01-20,251.05
751,2017-01-21,251.05
752,2017-01-22,251.05
753,2017-01-23,254.15
754,2017-01-24,254.9
755,2017-01-25,259.2
756,2017-01-26,259.2
757,2017-01-27,266.45
758,2017-01-28,266.45
759,2017-01-29,266.45
760,2017-01-30,263.95
761,2017-01-31,260.35
762,2017-02-01,270.7
763,2017-02-02,273.3
764,2017-02-03,277.55
765,2017-02-04,277.55
766,2017-02-05,277.55
767,2017-02-06,277.05
768,2017-02-07,277.9
769,2017-02-08,277.2
770,2017-02-09,275.85
771,2017-02-10,276.35
772,2017-02-11,276.35
773,2017-02-12,276.35
774,2017-02-13,271.65
775,2017-02-14,270.2
776,2017-02-15,268.95
777,2017-02-16,270.5
778,2017-02-17,269.35
779,2017-02-18,269.35
780,2017-02-19,269.35
781,2017-02-20,269.65
782,2017-02-21,270.7
783,2017-02-22,272.3
784,2017-02-23,270.45
785,2017-02-24,270.45
786,2017-02-25,270.45
787,2017-02-26,270.45
788,2017-02-27,268.25
789,2017-02-28,269.2
790,2017-03-01,271.75
791,2017-03-02,267.3
792,2017-03-03,265.05
793,2017-03-04,265.05
794,2017-03-05,265.05
795,2017-03-06,269.85
796,2017-03-07,267.8
797,2017-03-08,269.9
798,2017-03-09,273.25
799,2017-03-10,272.05
800,2017-03-11,272.05
801,2017-03-12,272.05
802,2017-03-13,272.05
803,2017-03-14,274.65
804,2017-03-15,277.35
805,2017-03-16,279.3
806,2017-03-17,274.15
807,2017-03-18,274.15
808,2017-03-19,274.15
809,2017-03-20,273.9
810,2017-03-21,272.35
811,2017-03-22,267.5
812,2017-03-23,268.5
813,2017-03-24,276.5
814,2017-03-25,276.5
815,2017-03-26,276.5
816,2017-03-27,279.45
817,2017-03-28,282.1
818,2017-03-29,288.45
819,2017-03-30,291.05
820,2017-03-31,293.4
821,2017-04-01,293.4
822,2017-04-02,293.4
823,2017-04-03,293.15
824,2017-04-04,293.15
825,2017-04-05,297.35
826,2017-04-06,292.85
827,2017-04-07,289.45
828,2017-04-08,289.45
829,2017-04-09,289.45
830,2017-04-10,289.35
831,2017-04-11,294.5
832,2017-04-12,290.15
833,2017-04-13,291.55
834,2017-04-14,291.55
835,2017-04-15,291.55
836,2017-04-16,291.55
837,2017-04-17,289.9
838,2017-04-18,290.3
839,2017-04-19,284.05
840,2017-04-20,284.8
841,2017-04-21,282.2
842,2017-04-22,282.2
843,2017-04-23,282.2
844,2017-04-24,286.05
845,2017-04-25,286.05
846,2017-04-26,286.45
847,2017-04-27,282.05
848,2017-04-28,289.75
849,2017-04-29,289.75
850,2017-04-30,289.75
851,2017-05-01,289.75
852,2017-05-02,288.3
853,2017-05-03,289.8
854,2017-05-04,299.05
855,2017-05-05,296.0
856,2017-05-06,296.0
857,2017-05-07,296.0
858,2017-05-08,299.4
859,2017-05-09,296.5
860,2017-05-10,294.45
861,2017-05-11,298.1
862,2017-05-12,297.9
863,2017-05-13,297.9
864,2017-05-14,297.9
865,2017-05-15,301.4
866,2017-05-16,307.5
867,2017-05-17,307.65
868,2017-05-18,302.95
869,2017-05-19,308.0
870,2017-05-20,308.0
871,2017-05-21,308.0
872,2017-05-22,294.3
873,2017-05-23,288.85
874,2017-05-24,283.15
875,2017-05-25,290.1
876,2017-05-26,288.45
877,2017-05-27,288.45
878,2017-05-28,288.45
879,2017-05-29,284.0
880,2017-05-30,288.85
881,2017-05-31,288.3
882,2017-06-01,287.45
883,2017-06-02,287.05
884,2017-06-03,287.05
885,2017-06-04,287.05
886,2017-06-05,287.25
887,2017-06-06,287.3
888,2017-06-07,290.55
889,2017-06-08,288.6
890,2017-06-09,288.55
891,2017-06-10,288.55
892,2017-06-11,288.55
893,2017-06-12,284.95
894,2017-06-13,283.85
895,2017-06-14,284.2
896,2017-06-15,284.0
897,2017-06-16,285.95
898,2017-06-17,285.95
899,2017-06-18,285.95
900,2017-06-19,288.85
901,2017-06-20,290.1
902,2017-06-21,290.9
903,2017-06-22,294.5
904,2017-06-23,288.95
905,2017-06-24,288.95
906,2017-06-25,288.95
907,2017-06-26,288.95
908,2017-06-27,279.65
909,2017-06-28,276.4
910,2017-06-29,272.45
911,2017-06-30,273.65
912,2017-07-01,273.65
913,2017-07-02,273.65
914,2017-07-03,274.85
915,2017-07-04,273.0
916,2017-07-05,274.9
917,2017-07-06,281.0
918,2017-07-07,280.1
919,2017-07-08,280.1
920,2017-07-09,280.1
921,2017-07-10,285.55
922,2017-07-11,283.55
923,2017-07-12,287.65
924,2017-07-13,288.75
925,2017-07-14,291.6
926,2017-07-15,291.6
927,2017-07-16,291.6
928,2017-07-17,293.0
929,2017-07-18,291.0
930,2017-07-19,293.3
931,2017-07-20,290.95
932,2017-07-21,290.65
933,2017-07-22,290.65
934,2017-07-23,290.65
935,2017-07-24,294.55
936,2017-07-25,296.1
937,2017-07-26,295.8
938,2017-07-27,298.35
939,2017-07-28,299.1
940,2017-07-29,299.1
941,2017-07-30,299.1
942,2017-07-31,312.5
943,2017-08-01,309.0
944,2017-08-02,307.7
945,2017-08-03,300.55
946,2017-08-04,305.25
947,2017-08-05,305.25
948,2017-08-06,305.25
949,2017-08-07,311.2
950,2017-08-08,303.65
951,2017-08-09,302.3
952,2017-08-10,296.7
953,2017-08-11,280.15
954,2017-08-12,280.15
955,2017-08-13,280.15
956,2017-08-14,278.2
957,2017-08-15,278.2
958,2017-08-16,283.1
959,2017-08-17,280.85
960,2017-08-18,278.7
961,2017-08-19,278.7
962,2017-08-20,278.7
963,2017-08-21,274.65
964,2017-08-22,273.9
965,2017-08-23,279.0
966,2017-08-24,280.3
967,2017-08-25,280.3
968,2017-08-26,280.3
969,2017-08-27,280.3
970,2017-08-28,279.35
971,2017-08-29,277.0
972,2017-08-30,276.6
973,2017-08-31,277.75
974,2017-09-01,277.85
975,2017-09-02,277.85
976,2017-09-03,277.85
977,2017-09-04,277.75
978,2017-09-05,276.55
979,2017-09-06,274.25
980,2017-09-07,274.2
981,2017-09-08,271.8
982,2017-09-09,271.8
983,2017-09-10,271.8
984,2017-09-11,270.95
985,2017-09-12,273.45
986,2017-09-13,273.4
987,2017-09-14,274.2
988,2017-09-15,271.5
989,2017-09-16,271.5
990,2017-09-17,271.5
991,2017-09-18,270.4
992,2017-09-19,267.8
993,2017-09-20,270.05
994,2017-09-21,268.5
995,2017-09-22,261.85
996,2017-09-23,261.85
997,2017-09-24,261.85
998,2017-09-25,258.75
999,2017-09-26,258.25
1000,2017-09-27,250.4
1001,2017-09-28,252.55
1002,2017-09-29,253.85
1003,2017-09-30,253.85
1004,2017-10-01,253.85
1005,2017-10-02,253.85
1006,2017-10-03,251.3
1007,2017-10-04,253.2
1008,2017-10-05,251.6
1009,2017-10-06,256.75
1010,2017-10-07,256.75
1011,2017-10-08,256.75
1012,2017-10-09,256.85
1013,2017-10-10,256.95
1014,2017-10-11,251.75
1015,2017-10-12,251.2
1016,2017-10-13,252.1
1017,2017-10-14,252.1
1018,2017-10-15,252.1
1019,2017-10-16,252.05
1020,2017-10-17,251.15
1021,2017-10-18,243.75
1022,2017-10-19,242.75
1023,2017-10-20,242.75
1024,2017-10-21,242.75
1025,2017-10-22,242.75
1026,2017-10-23,245.95
1027,2017-10-24,254.45
1028,2017-10-25,324.9
1029,2017-10-26,320.5
1030,2017-10-27,311.05
1031,2017-10-28,311.05
1032,2017-10-29,311.05
1033,2017-10-30,312.0
1034,2017-10-31,305.8
1035,2017-11-01,319.85
1036,2017-11-02,314.35
1037,2017-11-03,325.0
1038,2017-11-04,325.0
1039,2017-11-05,325.0
1040,2017-11-06,329.0
1041,2017-11-07,317.2
1042,2017-11-08,309.55
1043,2017-11-09,313.7
1044,2017-11-10,333.55
1045,2017-11-11,333.55
1046,2017-11-12,333.55
1047,2017-11-13,331.05
1048,2017-11-14,329.1
1049,2017-11-15,324.95
1050,2017-11-16,333.4
1051,2017-11-17,337.5
1052,2017-11-18,337.5
1053,2017-11-19,337.5
1054,2017-11-20,333.0
1055,2017-11-21,330.65
1056,2017-11-22,335.3
1057,2017-11-23,334.95
1058,2017-11-24,332.4
1059,2017-11-25,332.4
1060,2017-11-26,332.4
1061,2017-11-27,335.65
1062,2017-11-28,332.0
1063,2017-11-29,328.9
1064,2017-11-30,320.35
1065,2017-12-01,312.75
1066,2017-12-02,312.75
1067,2017-12-03,312.75
1068,2017-12-04,313.6
1069,2017-12-05,319.1
1070,2017-12-06,312.4
1071,2017-12-07,316.4
1072,2017-12-08,313.1
1073,2017-12-09,313.1
1074,2017-12-10,313.1
1075,2017-12-11,318.4
1076,2017-12-12,318.45
1077,2017-12-13,313.3
1078,2017-12-14,314.0
1079,2017-12-15,312.25
1080,2017-12-16,312.25
1081,2017-12-17,312.25
1082,2017-12-18,318.9
1083,2017-12-19,319.8
1084,2017-12-20,317.5
1085,2017-12-21,316.75
1086,2017-12-22,319.85
1087,2017-12-23,319.85
1088,2017-12-24,319.85
1089,2017-12-25,319.85
1090,2017-12-26,317.15
1091,2017-12-27,314.85
1092,2017-12-28,308.4
1093,2017-12-29,309.9
1094,2017-12-30,309.9
1095,2017-12-31,309.9
1096,2018-01-01,307.1
1097,2018-01-02,303.25
1098,2018-01-03,302.85
1099,2018-01-04,308.5
1100,2018-01-05,306.35
1101,2018-01-06,306.35
1102,2018-01-07,306.35
1103,2018-01-08,305.8
1104,2018-01-09,304.3
1105,2018-01-10,301.1
1106,2018-01-11,302.2
1107,2018-01-12,302.25
1108,2018-01-13,302.25
1109,2018-01-14,302.25
1110,2018-01-15,302.6
1111,2018-01-16,296.15
1112,2018-01-17,307.1
1113,2018-01-18,303.25
1114,2018-01-19,309.25
1115,2018-01-20,309.25
1116,2018-01-21,309.25
1117,2018-01-22,306.5
1118,2018-01-23,318.1
1119,2018-01-24,329.9
1120,2018-01-25,313.15
1121,2018-01-26,313.15
1122,2018-01-27,313.15
1123,2018-01-28,313.15
1124,2018-01-29,312.1
1125,2018-01-30,313.55
1126,2018-01-31,313.25
1127,2018-02-01,306.05
1128,2018-02-02,297.35
1129,2018-02-03,297.35
1130,2018-02-04,297.35
1131,2018-02-05,298.05
1132,2018-02-06,291.75
1133,2018-02-07,292.8
1134,2018-02-08,301.4
1135,2018-02-09,296.4
1136,2018-02-10,296.4
1137,2018-02-11,296.4
1138,2018-02-12,288.75
1139,2018-02-13,288.75
1140,2018-02-14,276.2
1141,2018-02-15,278.7
1142,2018-02-16,271.65
1143,2018-02-17,271.65
1144,2018-02-18,271.65
1145,2018-02-19,268.5
1146,2018-02-20,269.65
1147,2018-02-21,273.3
1148,2018-02-22,272.6
1149,2018-02-23,276.05
1150,2018-02-24,276.05
1151,2018-02-25,276.05
1152,2018-02-26,274.45
1153,2018-02-27,267.6
1154,2018-02-28,268.0
1155,2018-03-01,262.15
1156,2018-03-02,262.15
1157,2018-03-03,262.15
1158,2018-03-04,262.15
1159,2018-03-05,263.5
1160,2018-03-06,256.55
1161,2018-03-07,246.65
1162,2018-03-08,256.8
1163,2018-03-09,253.25
1164,2018-03-10,253.25
1165,2018-03-11,253.25
1166,2018-03-12,252.85
1167,2018-03-13,254.7
1168,2018-03-14,257.05
1169,2018-03-15,253.7
1170,2018-03-16,252.3
1171,2018-03-17,252.3
1172,2018-03-18,252.3
1173,2018-03-19,247.95
1174,2018-03-20,249.1
1175,2018-03-21,248.0
1176,2018-03-22,241.55
1177,2018-03-23,234.8
1178,2018-03-24,234.8
1179,2018-03-25,234.8
1180,2018-03-26,246.5
1181,2018-03-27,254.35
1182,2018-03-28,249.9
1183,2018-03-29,249.9
1184,2018-03-30,249.9
1185,2018-03-31,249.9
1186,2018-04-01,249.9
1187,2018-04-02,246.15
1188,2018-04-03,250.5
1189,2018-04-04,247.3
1190,2018-04-05,259.3
1191,2018-04-06,259.7
1192,2018-04-07,259.7
1193,2018-04-08,259.7
1194,2018-04-09,260.65
1195,2018-04-10,263.3
1196,2018-04-11,257.05
1197,2018-04-12,253.8
1198,2018-04-13,250.95
1199,2018-04-14,250.95
1200,2018-04-15,250.95
1201,2018-04-16,249.0
1202,2018-04-17,248.15
1203,2018-04-18,246.45
1204,2018-04-19,246.15
1205,2018-04-20,241.2
1206,2018-04-21,241.2
1207,2018-04-22,241.2
1208,2018-04-23,242.45
1209,2018-04-24,240.6
1210,2018-04-25,237.2
1211,2018-04-26,233.2
1212,2018-04-27,242.6
1213,2018-04-28,242.6
1214,2018-04-29,242.6
1215,2018-04-30,246.4
1216,2018-05-01,246.4
1217,2018-05-02,241.0
1218,2018-05-03,241.9
1219,2018-05-04,241.95
1220,2018-05-05,241.95
1221,2018-05-06,241.95
1222,2018-05-07,246.5
1223,2018-05-08,250.05
1224,2018-05-09,248.0
1225,2018-05-10,247.95
1226,2018-05-11,250.35
1227,2018-05-12,250.35
1228,2018-05-13,250.35
1229,2018-05-14,253.6
1230,2018-05-15,248.0
1231,2018-05-16,243.1
1232,2018-05-17,242.7
1233,2018-05-18,238.85
1234,2018-05-19,238.85
1235,2018-05-20,238.85
1236,2018-05-21,244.45
1237,2018-05-22,253.9
1238,2018-05-23,263.2
1239,2018-05-24,268.5
1240,2018-05-25,266.95
1241,2018-05-26,266.95
1242,2018-05-27,266.95
1243,2018-05-28,272.05
1244,2018-05-29,264.3
1245,2018-05-30,267.15
1246,2018-05-31,269.55
1247,2018-06-01,266.7
1248,2018-06-02,266.7
1249,2018-06-03,266.7
1250,2018-06-04,263.0
1251,2018-06-05,263.55
1252,2018-06-06,270.15
1253,2018-06-07,269.65
1254,2018-06-08,273.0
1255,2018-06-09,273.0
1256,2018-06-10,273.0
1257,2018-06-11,274.0
1258,2018-06-12,282.85
1259,2018-06-13,287.7
1260,2018-06-14,282.6
1261,2018-06-15,277.45
1262,2018-06-16,277.45
1263,2018-06-17,277.45
1264,2018-06-18,276.85
1265,2018-06-19,272.6
1266,2018-06-20,273.3
1267,2018-06-21,268.65
1268,2018-06-22,273.05
1269,2018-06-23,273.05
1270,2018-06-24,273.05
1271,2018-06-25,268.45
1272,2018-06-26,267.4
1273,2018-06-27,261.7
1274,2018-06-28,257.0
1275,2018-06-29,259.35
1276,2018-06-30,259.35
1277,2018-07-01,259.35
1278,2018-07-02,258.85
1279,2018-07-03,257.5
1280,2018-07-04,257.45
1281,2018-07-05,256.45
1282,2018-07-06,257.2
1283,2018-07-07,257.2
1284,2018-07-08,257.2
1285,2018-07-09,261.55
1286,2018-07-10,263.75
1287,2018-07-11,259.1
1288,2018-07-12,262.75
1289,2018-07-13,257.75
1290,2018-07-14,257.75
1291,2018-07-15,257.75
1292,2018-07-16,251.6
1293,2018-07-17,259.05
1294,2018-07-18,259.55
1295,2018-07-19,260.2
1296,2018-07-20,261.5
1297,2018-07-21,261.5
1298,2018-07-22,261.5
1299,2018-07-23,266.35
1300,2018-07-24,266.85
1301,2018-07-25,271.85
1302,2018-07-26,287.7
1303,2018-07-27,286.75
1304,2018-07-28,286.75
1305,2018-07-29,286.75
1306,2018-07-30,297.4
1307,2018-07-31,293.5
1308,2018-08-01,295.1
1309,2018-08-02,293.9
1310,2018-08-03,299.25
1311,2018-08-04,299.25
1312,2018-08-05,299.25
1313,2018-08-06,308.5
1314,2018-08-07,304.05
1315,2018-08-08,308.7
1316,2018-08-09,317.4
1317,2018-08-10,304.45
1318,2018-08-11,304.45
1319,2018-08-12,304.45
1320,2018-08-13,294.15
1321,2018-08-14,294.9
1322,2018-08-15,294.9
1323,2018-08-16,292.7
1324,2018-08-17,302.1
1325,2018-08-18,302.1
1326,2018-08-19,302.1
1327,2018-08-20,307.65
1328,2018-08-21,307.0
1329,2018-08-22,307.0
1330,2018-08-23,302.45
1331,2018-08-24,300.45
1332,2018-08-25,300.45
1333,2018-08-26,300.45
1334,2018-08-27,308.0
1335,2018-08-28,305.35
1336,2018-08-29,309.7
1337,2018-08-30,308.6
1338,2018-08-31,309.6
1339,2018-09-01,309.6
1340,2018-09-02,309.6
1341,2018-09-03,306.35
1342,2018-09-04,296.4
1343,2018-09-05,296.55
1344,2018-09-06,296.45
1345,2018-09-07,291.65
1346,2018-09-08,291.65
1347,2018-09-09,291.65
1348,2018-09-10,284.85
1349,2018-09-11,282.6
1350,2018-09-12,285.3
1351,2018-09-13,285.3
1352,2018-09-14,290.65
1353,2018-09-15,290.65
1354,2018-09-16,290.65
1355,2018-09-17,285.3
1356,2018-09-18,273.8
1357,2018-09-19,271.5
1358,2018-09-20,271.5
1359,2018-09-21,270.6
1360,2018-09-22,270.6
1361,2018-09-23,270.6
1362,2018-09-24,264.35
1363,2018-09-25,270.9
1364,2018-09-26,263.85
1365,2018-09-27,265.35
1366,2018-09-28,265.5
1367,2018-09-29,265.5
1368,2018-09-30,265.5
1369,2018-10-01,273.85
1370,2018-10-02,273.85
1371,2018-10-03,271.7
1372,2018-10-04,271.35
1373,2018-10-05,258.35
1374,2018-10-06,258.35
1375,2018-10-07,258.35
1376,2018-10-08,265.75
1377,2018-10-09,262.95
1378,2018-10-10,278.65
1379,2018-10-11,262.15
1380,2018-10-12,263.75
1381,2018-10-13,263.75
1382,2018-10-14,263.75
1383,2018-10-15,263.2
1384,2018-10-16,270.3
1385,2018-10-17,261.15
1386,2018-10-18,261.15
1387,2018-10-19,261.1
1388,2018-10-20,261.1
1389,2018-10-21,261.1
1390,2018-10-22,260.35
1391,2018-10-23,255.65
1392,2018-10-24,255.7
1393,2018-10-25,249.55
1394,2018-10-26,248.1
1395,2018-10-27,248.1
1396,2018-10-28,248.1
1397,2018-10-29,267.9
1398,2018-10-30,273.15
1399,2018-10-31,281.4
1400,2018-11-01,285.9
1401,2018-11-02,285.35
1402,2018-11-03,285.35
1403,2018-11-04,285.35
1404,2018-11-05,294.95
1405,2018-11-06,286.45
1406,2018-11-07,286.55
1407,2018-11-08,286.55
1408,2018-11-09,283.25
1409,2018-11-10,283.25
1410,2018-11-11,283.25
1411,2018-11-12,277.95
1412,2018-11-13,278.05
1413,2018-11-14,283.6
1414,2018-11-15,285.4
1415,2018-11-16,290.9
1416,2018-11-17,290.9
1417,2018-11-18,290.9
1418,2018-11-19,288.15
1419,2018-11-20,283.45
1420,2018-11-21,287.05
1421,2018-11-22,282.7
1422,2018-11-23,282.7
1423,2018-11-24,282.7
1424,2018-11-25,282.7
1425,2018-11-26,286.4
1426,2018-11-27,289.4
1427,2018-11-28,284.55
1428,2018-11-29,286.4
1429,2018-11-30,284.65
1430,2018-12-01,284.65
1431,2018-12-02,284.65
1432,2018-12-03,286.8
1433,2018-12-04,282.55
1434,2018-12-05,280.15
1435,2018-12-06,275.65
1436,2018-12-07,275.4
1437,2018-12-08,275.4
1438,2018-12-09,275.4
1439,2018-12-10,274.2
1440,2018-12-11,281.25
1441,2018-12-12,285.25
1442,2018-12-13,289.0
1443,2018-12-14,289.2
1444,2018-12-15,289.2
1445,2018-12-16,289.2
1446,2018-12-17,289.5
1447,2018-12-18,292.75
1448,2018-12-19,300.7
1449,2018-12-20,294.05
1450,2018-12-21,291.9
1451,2018-12-22,291.9
1452,2018-12-23,291.9
1453,2018-12-24,293.05
1454,2018-12-25,293.05
1455,2018-12-26,294.15
1456,2018-12-27,292.15
1457,2018-12-28,294.8
1458,2018-12-29,294.8
1459,2018-12-30,294.8
1460,2018-12-31,295.9
1461,2019-01-01,299.6
1462,2019-01-02,293.9
1463,2019-01-03,291.1
1464,2019-01-04,297.65
1465,2019-01-05,297.65
1466,2019-01-06,297.65
1467,2019-01-07,296.3
1468,2019-01-08,305.3
1469,2019-01-09,305.3
1470,2019-01-10,305.55
1471,2019-01-11,302.75
1472,2019-01-12,302.75
1473,2019-01-13,302.75
1474,2019-01-14,300.4
1475,2019-01-15,301.65
1476,2019-01-16,303.15
1477,2019-01-17,297.4
1478,2019-01-18,294.95
1479,2019-01-19,294.95
1480,2019-01-20,294.95
1481,2019-01-21,292.45
1482,2019-01-22,290.25
1483,2019-01-23,286.65
1484,2019-01-24,288.05
1485,2019-01-25,285.4
1486,2019-01-26,285.4
1487,2019-01-27,285.4
1488,2019-01-28,281.6
1489,2019-01-29,280.6
1490,2019-01-30,287.45
1491,2019-01-31,293.65
1492,2019-02-01,284.4
1493,2019-02-02,284.4
1494,2019-02-03,284.4
1495,2019-02-04,283.95
1496,2019-02-05,284.65
1497,2019-02-06,289.05
1498,2019-02-07,287.4
1499,2019-02-08,286.0
1500,2019-02-09,286.0
1501,2019-02-10,286.0
1502,2019-02-11,280.5
1503,2019-02-12,275.4
1504,2019-02-13,268.2
1505,2019-02-14,267.1
1506,2019-02-15,262.95
1507,2019-02-16,262.95
1508,2019-02-17,262.95
1509,2019-02-18,259.95
1510,2019-02-19,262.9
1511,2019-02-20,267.7
1512,2019-02-21,268.0
1513,2019-02-22,270.95
1514,2019-02-23,270.95
1515,2019-02-24,270.95
1516,2019-02-25,270.15
1517,2019-02-26,266.35
1518,2019-02-27,267.65
1519,2019-02-28,269.05
1520,2019-03-01,272.95
1521,2019-03-02,272.95
1522,2019-03-03,272.95
1523,2019-03-04,272.95
1524,2019-03-05,276.45
1525,2019-03-06,278.1
1526,2019-03-07,281.75
1527,2019-03-08,281.2
1528,2019-03-09,281.2
1529,2019-03-10,281.2
1530,2019-03-11,287.35
1531,2019-03-12,286.9
1532,2019-03-13,293.15
1533,2019-03-14,291.9
1534,2019-03-15,298.4
1535,2019-03-16,298.4
1536,2019-03-17,298.4
1537,2019-03-18,298.95
1538,2019-03-19,303.05
1539,2019-03-20,303.8
1540,2019-03-21,303.8
1541,2019-03-22,298.05
1542,2019-03-23,298.05
1543,2019-03-24,298.05
1544,2019-03-25,294.0
1545,2019-03-26,303.5
1546,2019-03-27,308.8
1547,2019-03-28,319.0
1548,2019-03-29,320.75
1549,2019-03-30,320.75
1550,2019-03-31,320.75
1551,2019-04-01,322.75
1552,2019-04-02,329.0
1553,2019-04-03,320.5
1554,2019-04-04,321.8
1555,2019-04-05,317.05
1556,2019-04-06,317.05
1557,2019-04-07,317.05
1558,2019-04-08,312.8
1559,2019-04-09,314.75
1560,2019-04-10,310.9
1561,2019-04-11,314.9
1562,2019-04-12,315.25
1563,2019-04-13,315.25
1564,2019-04-14,315.25
1565,2019-04-15,315.6
1566,2019-04-16,315.75
1567,2019-04-17,315.75
1568,2019-04-18,310.8
1569,2019-04-19,310.8
1570,2019-04-20,310.8
1571,2019-04-21,310.8
1572,2019-04-22,310.05
1573,2019-04-23,305.25
1574,2019-04-24,310.75
1575,2019-04-25,306.2
1576,2019-04-26,312.5
1577,2019-04-27,312.5
1578,2019-04-28,312.5
1579,2019-04-29,312.5
1580,2019-04-30,309.95
1581,2019-05-01,309.95
1582,2019-05-02,308.15
1583,2019-05-03,310.0
1584,2019-05-04,310.0
1585,2019-05-05,310.0
1586,2019-05-06,308.75
1587,2019-05-07,305.45
1588,2019-05-08,298.25
1589,2019-05-09,299.3
1590,2019-05-10,308.05
1591,2019-05-11,308.05
1592,2019-05-12,308.05
1593,2019-05-13,306.9
1594,2019-05-14,314.65
1595,2019-05-15,312.1
1596,2019-05-16,315.75
1597,2019-05-17,319.25
1598,2019-05-18,319.25
1599,2019-05-19,319.25
1600,2019-05-20,344.7
1601,2019-05-21,337.55
1602,2019-05-22,341.1
1603,2019-05-23,342.2
1604,2019-05-24,355.35
1605,2019-05-25,355.35
1606,2019-05-26,355.35
1607,2019-05-27,361.7
1608,2019-05-28,360.05
1609,2019-05-29,348.65
1610,2019-05-30,353.55
1611,2019-05-31,352.5
1612,2019-06-01,352.5
1613,2019-06-02,352.5
1614,2019-06-03,355.45
1615,2019-06-04,352.4
1616,2019-06-05,352.4
1617,2019-06-06,336.9
1618,2019-06-07,342.05
1619,2019-06-08,342.05
1620,2019-06-09,342.05
1621,2019-06-10,344.3
1622,2019-06-11,347.1
1623,2019-06-12,344.0
1624,2019-06-13,346.5
1625,2019-06-14,343.8
1626,2019-06-15,343.8
1627,2019-06-16,343.8
1628,2019-06-17,337.85
1629,2019-06-18,340.05
1630,2019-06-19,338.85
1631,2019-06-20,345.15
1632,2019-06-21,349.4
1633,2019-06-22,349.4
1634,2019-06-23,349.4
1635,2019-06-24,353.2
1636,2019-06-25,356.55
1637,2019-06-26,358.15
1638,2019-06-27,362.15
1639,2019-06-28,361.25
1640,2019-06-29,361.25
1641,2019-06-30,361.25
1642,2019-07-01,361.55
1643,2019-07-02,364.5
1644,2019-07-03,366.15
1645,2019-07-04,367.4
1646,2019-07-05,370.65
1647,2019-07-06,370.65
1648,2019-07-07,370.65
1649,2019-07-08,355.3
1650,2019-07-09,359.5
1651,2019-07-10,354.2
1652,2019-07-11,363.2
1653,2019-07-12,363.6
1654,2019-07-13,363.6
1655,2019-07-14,363.6
1656,2019-07-15,360.05
1657,2019-07-16,364.35
1658,2019-07-17,372.4
1659,2019-07-18,363.65
1660,2019-07-19,356.0
1661,2019-07-20,356.0
1662,2019-07-21,356.0
1663,2019-07-22,350.85
1664,2019-07-23,342.2
1665,2019-07-24,339.6
1666,2019-07-25,341.3
1667,2019-07-26,342.6
1668,2019-07-27,342.6
1669,2019-07-28,342.6
1670,2019-07-29,343.8
1671,2019-07-30,327.55
1672,2019-07-31,332.2
1673,2019-08-01,317.15
1674,2019-08-02,308.45
1675,2019-08-03,308.45
1676,2019-08-04,308.45
1677,2019-08-05,300.25
1678,2019-08-06,301.4
1679,2019-08-07,289.9
1680,2019-08-08,294.35
1681,2019-08-09,291.35
1682,2019-08-10,291.35
1683,2019-08-11,291.35
1684,2019-08-12,291.35
1685,2019-08-13,283.35
1686,2019-08-14,289.75
1687,2019-08-15,289.75
1688,2019-08-16,290.9
1689,2019-08-17,290.9
1690,2019-08-18,290.9
1691,2019-08-19,286.85
1692,2019-08-20,283.7
1693,2019-08-21,277.4
1694,2019-08-22,268.55
1695,2019-08-23,271.1
1696,2019-08-24,271.1
1697,2019-08-25,271.1
1698,2019-08-26,280.2
1699,2019-08-27,285.7
1700,2019-08-28,284.9
1701,2019-08-29,274.5
1702,2019-08-30,273.85
1703,2019-08-31,273.85
1704,2019-09-01,273.85
1705,2019-09-02,273.85
1706,2019-09-03,268.4
1707,2019-09-04,275.1
1708,2019-09-05,273.3
1709,2019-09-06,273.95
1710,2019-09-07,273.95
1711,2019-09-08,273.95
1712,2019-09-09,278.0
1713,2019-09-10,278.0
1714,2019-09-11,285.25
1715,2019-09-12,287.05
1716,2019-09-13,291.7
1717,2019-09-14,291.7
1718,2019-09-15,291.7
1719,2019-09-16,284.7
1720,2019-09-17,273.95
1721,2019-09-18,280.4
1722,2019-09-19,274.05
1723,2019-09-20,301.7
1724,2019-09-21,301.7
1725,2019-09-22,301.7
1726,2019-09-23,313.75
1727,2019-09-24,302.6
1728,2019-09-25,280.25
1729,2019-09-26,281.85
1730,2019-09-27,281.2
1731,2019-09-28,281.2
1732,2019-09-29,281.2
1733,2019-09-30,270.8
1734,2019-10-01,255.95
1735,2019-10-02,255.95
1736,2019-10-03,254.15
1737,2019-10-04,249.95
1738,2019-10-05,249.95
1739,2019-10-06,249.95
1740,2019-10-07,249.1
1741,2019-10-08,249.1
1742,2019-10-09,260.95
1743,2019-10-10,254.15
1744,2019-10-11,254.55
1745,2019-10-12,254.55
1746,2019-10-13,254.55
1747,2019-10-14,255.45
1748,2019-10-15,258.45
1749,2019-10-16,256.05
1750,2019-10-17,265.45
1751,2019-10-18,269.65
1752,2019-10-19,269.65
1753,2019-10-20,269.65
1754,2019-10-21,269.65
1755,2019-10-22,270.5
1756,2019-10-23,275.45
1757,2019-10-24,262.5
1758,2019-10-25,281.55
1759,2019-10-26,281.55
1760,2019-10-27,281.8
1761,2019-10-28,281.8
1762,2019-10-29,280.65
1763,2019-10-30,289.9
1764,2019-10-31,312.4
1765,2019-11-01,313.55
1766,2019-11-02,313.55
1767,2019-11-03,313.55
1768,2019-11-04,314.3
1769,2019-11-05,319.2
1770,2019-11-06,317.55
1771,2019-11-07,318.15
1772,2019-11-08,316.0
1773,2019-11-09,316.0
1774,2019-11-10,316.0
1775,2019-11-11,318.25
1776,2019-11-12,318.25
1777,2019-11-13,306.8
1778,2019-11-14,306.0
1779,2019-11-15,321.9
1780,2019-11-16,321.9
1781,2019-11-17,321.9
1782,2019-11-18,325.1
1783,2019-11-19,330.4
1784,2019-11-20,328.8
1785,2019-11-21,331.35
1786,2019-11-22,329.3
1787,2019-11-23,329.3
1788,2019-11-24,329.3
1789,2019-11-25,336.1
1790,2019-11-26,335.5
1791,2019-11-27,343.55
1792,2019-11-28,349.3
1793,2019-11-29,341.85
1794,2019-11-30,341.85
1795,2019-12-01,341.85
1796,2019-12-02,338.5
1797,2019-12-03,336.25
1798,2019-12-04,341.85
1799,2019-12-05,336.2
1800,2019-12-06,320.0
1801,2019-12-07,320.0
1802,2019-12-08,320.0
1803,2019-12-09,316.7
1804,2019-12-10,313.4
1805,2019-12-11,312.8
1806,2019-12-12,321.85
1807,2019-12-13,332.55
1808,2019-12-14,332.55
1809,2019-12-15,332.55
1810,2019-12-16,331.85
1811,2019-12-17,332.9
1812,2019-12-18,326.95
1813,2019-12-19,328.15
1814,2019-12-20,337.85
1815,2019-12-21,337.85
1816,2019-12-22,337.85
1817,2019-12-23,332.4
1818,2019-12-24,331.45
1819,2019-12-25,331.45
1820,2019-12-26,329.85
1821,2019-12-27,337.25
1822,2019-12-28,337.25
1823,2019-12-29,337.25
1824,2019-12-30,334.4
1825,2019-12-31,333.75
1826,2020-01-01,334.45
1827,2020-01-02,339.3
1828,2020-01-03,333.7
1829,2020-01-04,333.7
1830,2020-01-05,333.7
1831,2020-01-06,319.0
1832,2020-01-07,318.4
1833,2020-01-08,319.8
1834,2020-01-09,330.2
1835,2020-01-10,332.25
1836,2020-01-11,332.25
1837,2020-01-12,332.25
1838,2020-01-13,330.75
1839,2020-01-14,328.0
1840,2020-01-15,324.25
1841,2020-01-16,323.3
1842,2020-01-17,318.0
1843,2020-01-18,318.0
1844,2020-01-19,318.0
1845,2020-01-20,314.0
1846,2020-01-21,313.7
1847,2020-01-22,316.15
1848,2020-01-23,323.2
1849,2020-01-24,324.05
1850,2020-01-25,324.05
1851,2020-01-26,324.05
1852,2020-01-27,316.2
1853,2020-01-28,315.1
1854,2020-01-29,316.45
1855,2020-01-30,310.7
1856,2020-01-31,318.45
1857,2020-02-01,302.6
1858,2020-02-02,302.6
1859,2020-02-03,298.1
1860,2020-02-04,306.25
1861,2020-02-05,311.0
1862,2020-02-06,321.95
1863,2020-02-07,320.55
1864,2020-02-08,320.55
1865,2020-02-09,320.55
1866,2020-02-10,318.5
1867,2020-02-11,324.35
1868,2020-02-12,320.2
1869,2020-02-13,327.45
1870,2020-02-14,319.4
1871,2020-02-15,319.4
1872,2020-02-16,319.4
1873,2020-02-17,314.2
1874,2020-02-18,317.55
1875,2020-02-19,320.35
1876,2020-02-20,327.65
1877,2020-02-21,327.65
1878,2020-02-22,327.65
1879,2020-02-23,327.65
1880,2020-02-24,322.95
1881,2020-02-25,326.8
1882,2020-02-26,328.2
1883,2020-02-27,321.95
1884,2020-02-28,303.0
1885,2020-02-29,303.0
1886,2020-03-01,303.0
1887,2020-03-02,287.4
1888,2020-03-03,289.85
1889,2020-03-04,285.3
1890,2020-03-05,288.5
1891,2020-03-06,270.5
1892,2020-03-07,270.5
1893,2020-03-08,270.5
1894,2020-03-09,253.45
1895,2020-03-10,253.45
1896,2020-03-11,245.1
1897,2020-03-12,212.6
1898,2020-03-13,242.0
1899,2020-03-14,242.0
1900,2020-03-15,242.0
1901,2020-03-16,223.35
1902,2020-03-17,215.15
1903,2020-03-18,215.2
1904,2020-03-19,203.65
1905,2020-03-20,209.85
1906,2020-03-21,209.85
1907,2020-03-22,209.85
1908,2020-03-23,181.6
1909,2020-03-24,183.2
1910,2020-03-25,189.9
1911,2020-03-26,192.75
1912,2020-03-27,195.95
1913,2020-03-28,195.95
1914,2020-03-29,195.95
1915,2020-03-30,186.9
1916,2020-03-31,196.85
1917,2020-04-01,186.55
1918,2020-04-02,186.55
1919,2020-04-03,175.5
1920,2020-04-04,175.5
1921,2020-04-05,175.5
1922,2020-04-06,175.5
1923,2020-04-07,186.4
1924,2020-04-08,183.0
1925,2020-04-09,187.75
1926,2020-04-10,187.75
1927,2020-04-11,187.75
1928,2020-04-12,187.75
1929,2020-04-13,183.5
1930,2020-04-14,183.5
1931,2020-04-15,182.35
1932,2020-04-16,188.5
1933,2020-04-17,193.25
1934,2020-04-18,193.25
1935,2020-04-19,193.25
1936,2020-04-20,192.5
1937,2020-04-21,184.75
1938,2020-04-22,188.7
1939,2020-04-23,186.7
1940,2020-04-24,179.75
1941,2020-04-25,179.75
1942,2020-04-26,179.75
1943,2020-04-27,180.9
1944,2020-04-28,184.3
1945,2020-04-29,190.1
1946,2020-04-30,190.5
1947,2020-05-01,190.5
1948,2020-05-02,190.5
1949,2020-05-03,190.5
1950,2020-05-04,178.85
1951,2020-05-05,170.4
1952,2020-05-06,171.1
1953,2020-05-07,170.75
1954,2020-05-08,166.65
1955,2020-05-09,166.65
1956,2020-05-10,166.65
1957,2020-05-11,165.45
1958,2020-05-12,166.9
1959,2020-05-13,174.1
1960,2020-05-14,167.95
1961,2020-05-15,166.4
1962,2020-05-16,166.4
1963,2020-05-17,166.4
1964,2020-05-18,155.3
1965,2020-05-19,152.8
1966,2020-05-20,153.4
1967,2020-05-21,151.95
1968,2020-05-22,150.85
1969,2020-05-23,150.85
1970,2020-05-24,150.85
1971,2020-05-25,150.85
1972,2020-05-26,151.4
1973,2020-05-27,158.6
1974,2020-05-28,158.2
1975,2020-05-29,161.3
1976,2020-05-30,161.3
1977,2020-05-31,161.3
1978,2020-06-01,170.05
1979,2020-06-02,170.25
1980,2020-06-03,174.9
1981,2020-06-04,174.05
1982,2020-06-05,187.8
1983,2020-06-06,187.8
1984,2020-06-07,187.8
1985,2020-06-08,186.8
1986,2020-06-09,184.45
1987,2020-06-10,187.7
1988,2020-06-11,177.15
1989,2020-06-12,179.15
1990,2020-06-13,179.15
1991,2020-06-14,179.15
1992,2020-06-15,173.7
1993,2020-06-16,172.9
1994,2020-06-17,172.95
1995,2020-06-18,179.65
1996,2020-06-19,184.5
1997,2020-06-20,184.5
1998,2020-06-21,184.5
1999,2020-06-22,187.7
2000,2020-06-23,192.45
2001,2020-06-24,184.6
2002,2020-06-25,185.25
2003,2020-06-26,184.6
2004,2020-06-27,184.6
2005,2020-06-28,184.6
2006,2020-06-29,179.25
2007,2020-06-30,178.45
2008,2020-07-01,184.8
2009,2020-07-02,185.45
2010,2020-07-03,184.7
2011,2020-07-04,184.7
2012,2020-07-05,184.7
2013,2020-07-06,188.05
2014,2020-07-07,188.6
2015,2020-07-08,191.9
2016,2020-07-09,199.1
2017,2020-07-10,195.6
2018,2020-07-11,195.6
2019,2020-07-12,195.6
2020,2020-07-13,192.7
2021,2020-07-14,186.05
2022,2020-07-15,183.8
2023,2020-07-16,186.25
2024,2020-07-17,188.2
2025,2020-07-18,188.2
2026,2020-07-19,188.2
2027,2020-07-20,190.75
2028,2020-07-21,194.4
2029,2020-07-22,192.0
2030,2020-07-23,198.25
2031,2020-07-24,191.95
2032,2020-07-25,191.95
2033,2020-07-26,191.95
2034,2020-07-27,187.15
2035,2020-07-28,189.45
2036,2020-07-29,191.2
2037,2020-07-30,186.55
2038,2020-07-31,191.45
2039,2020-08-01,191.45
2040,2020-08-02,191.45
2041,2020-08-03,192.25
2042,2020-08-04,191.6
2043,2020-08-05,191.45
2044,2020-08-06,190.95
2045,2020-08-07,190.65
2046,2020-08-08,190.65
2047,2020-08-09,190.65
2048,2020-08-10,193.8
2049,2020-08-11,195.05
2050,2020-08-12,203.3
2051,2020-08-13,201.9
2052,2020-08-14,196.5
2053,2020-08-15,196.5
2054,2020-08-16,196.5
2055,2020-08-17,193.1
2056,2020-08-18,195.1
2057,2020-08-19,197.05
2058,2020-08-20,194.75
2059,2020-08-21,198.4
2060,2020-08-22,198.4
2061,2020-08-23,198.4
2062,2020-08-24,201.45
2063,2020-08-25,207.95
2064,2020-08-26,209.85
2065,2020-08-27,215.65
2066,2020-08-28,224.85
2067,2020-08-29,224.85
2068,2020-08-30,224.85
2069,2020-08-31,212.0
2070,2020-09-01,218.1
2071,2020-09-02,216.25
2072,2020-09-03,213.15
2073,2020-09-04,206.6
2074,2020-09-05,206.6
2075,2020-09-06,206.6
2076,2020-09-07,207.9
2077,2020-09-08,204.05
2078,2020-09-09,194.85
2079,2020-09-10,198.15
2080,2020-09-11,202.7
2081,2020-09-12,202.7
2082,2020-09-13,202.7
2083,2020-09-14,198.5
2084,2020-09-15,200.15
2085,2020-09-16,198.2
2086,2020-09-17,195.45
2087,2020-09-18,192.6
2088,2020-09-19,192.6
2089,2020-09-20,192.6
2090,2020-09-21,185.8
2091,2020-09-22,186.2
2092,2020-09-23,183.8
2093,2020-09-24,176.35
2094,2020-09-25,182.2
2095,2020-09-26,182.2
2096,2020-09-27,182.2
2097,2020-09-28,187.25
2098,2020-09-29,185.05
2099,2020-09-30,185.4
2100,2020-10-01,190.3
2101,2020-10-02,190.3
2102,2020-10-03,190.3
2103,2020-10-04,190.3
2104,2020-10-05,188.75
2105,2020-10-06,191.6
2106,2020-10-07,190.7
2107,2020-10-08,191.5
2108,2020-10-09,198.3
2109,2020-10-10,198.3
2110,2020-10-11,198.3
2111,2020-10-12,198.7
2112,2020-10-13,195.7
2113,2020-10-14,200.05
2114,2020-10-15,192.85
2115,2020-10-16,195.95
2116,2020-10-17,195.95
2117,2020-10-18,195.95
2118,2020-10-19,204.0
2119,2020-10-20,203.05
2120,2020-10-21,203.75
2121,2020-10-22,203.3
2122,2020-10-23,202.8
2123,2020-10-24,202.8
2124,2020-10-25,202.8
2125,2020-10-26,196.7
2126,2020-10-27,194.65
2127,2020-10-28,190.45
2128,2020-10-29,188.7
2129,2020-10-30,189.25
2130,2020-10-31,189.25
2131,2020-11-01,189.25
2132,2020-11-02,196.05
2133,2020-11-03,204.75
2134,2020-11-04,207.0
2135,2020-11-05,218.65
2136,2020-11-06,219.2
2137,2020-11-07,219.2
2138,2020-11-08,219.2
2139,2020-11-09,219.5
2140,2020-11-10,231.7
2141,2020-11-11,234.2
2142,2020-11-12,226.8
2143,2020-11-13,229.45
2144,2020-11-14,229.65
2145,2020-11-15,229.65
2146,2020-11-16,229.65
2147,2020-11-17,240.2
2148,2020-11-18,252.0
2149,2020-11-19,239.75
2150,2020-11-20,242.75
2151,2020-11-21,242.75
2152,2020-11-22,242.75
2153,2020-11-23,238.7
2154,2020-11-24,243.85
2155,2020-11-25,243.0
2156,2020-11-26,245.45
2157,2020-11-27,244.25
2158,2020-11-28,244.25
2159,2020-11-29,244.25
2160,2020-11-30,244.25
2161,2020-12-01,248.05
2162,2020-12-02,246.95
2163,2020-12-03,256.3
2164,2020-12-04,263.5
2165,2020-12-05,263.5
2166,2020-12-06,263.5
2167,2020-12-07,269.6
2168,2020-12-08,271.9
2169,2020-12-09,270.35
2170,2020-12-10,269.55
2171,2020-12-11,272.45
2172,2020-12-12,272.45
2173,2020-12-13,272.45
2174,2020-12-14,274.2
2175,2020-12-15,270.65
2176,2020-12-16,269.4
2177,2020-12-17,267.7
2178,2020-12-18,271.45
2179,2020-12-19,271.45
2180,2020-12-20,271.45
2181,2020-12-21,254.7
2182,2020-12-22,257.45
2183,2020-12-23,263.0
2184,2020-12-24,266.85
2185,2020-12-25,266.85
2186,2020-12-26,266.85
2187,2020-12-27,266.85
2188,2020-12-28,275.2
2189,2020-12-29,277.9
2190,2020-12-30,276.9
2191,2020-12-31,274.95
2192,2021-01-01,279.4
2193,2021-01-02,279.4
2194,2021-01-03,279.4
2195,2021-01-04,281.05
2196,2021-01-05,281.75
2197,2021-01-06,285.05
2198,2021-01-07,287.7
2199,2021-01-08,286.0
2200,2021-01-09,286.0
2201,2021-01-10,286.0
2202,2021-01-11,282.5
2203,2021-01-12,292.5
2204,2021-01-13,306.8
2205,2021-01-14,307.25
2206,2021-01-15,303.85
2207,2021-01-16,303.85
2208,2021-01-17,303.85
2209,2021-01-18,294.45
2210,2021-01-19,298.6
2211,2021-01-20,302.55
2212,2021-01-21,294.85
2213,2021-01-22,283.7
2214,2021-01-23,283.7
2215,2021-01-24,283.7
2216,2021-01-25,280.95
2217,2021-01-26,280.95
2218,2021-01-27,275.65
2219,2021-01-28,282.35
2220,2021-01-29,282.1
2221,2021-01-30,282.1
2222,2021-01-31,282.1
2223,2021-02-01,310.7
2224,2021-02-02,333.1
2225,2021-02-03,335.95
2226,2021-02-04,355.1
2227,2021-02-05,393.1
2228,2021-02-06,393.1
2229,2021-02-07,393.1
2230,2021-02-08,397.05
2231,2021-02-09,394.8
2232,2021-02-10,392.25
2233,2021-02-11,390.15
2234,2021-02-12,393.15
2235,2021-02-13,393.15
2236,2021-02-14,393.15
2237,2021-02-15,406.95
2238,2021-02-16,402.35
2239,2021-02-17,411.75
2240,2021-02-18,415.2
2241,2021-02-19,399.55
2242,2021-02-20,399.55
2243,2021-02-21,399.55
2244,2021-02-22,389.5
2245,2021-02-23,395.6
2246,2021-02-24,406.25
2247,2021-02-25,407.25
2248,2021-02-26,390.15
2249,2021-02-27,390.15
2250,2021-02-28,390.15
2251,2021-03-01,394.95
2252,2021-03-02,394.2
2253,2021-03-03,405.05
2254,2021-03-04,395.65
2255,2021-03-05,383.65
2256,2021-03-06,383.65
2257,2021-03-07,383.65
2258,2021-03-08,389.6
2259,2021-03-09,387.6
2260,2021-03-10,387.7
2261,2021-03-11,387.7
2262,2021-03-12,381.1
2263,2021-03-13,381.1
2264,2021-03-14,381.1
2265,2021-03-15,383.9
2266,2021-03-16,378.55
2267,2021-03-17,368.15
2268,2021-03-18,367.1
2269,2021-03-19,371.15
2270,2021-03-20,371.15
2271,2021-03-21,371.15
2272,2021-03-22,367.0
2273,2021-03-23,372.7
2274,2021-03-24,359.85
2275,2021-03-25,355.2
2276,2021-03-26,357.2
2277,2021-03-27,357.2
2278,2021-03-28,357.2
2279,2021-03-29,357.2
2280,2021-03-30,360.8
2281,2021-03-31,364.3
2282,2021-04-01,370.65
2283,2021-04-02,370.65
2284,2021-04-03,370.65
2285,2021-04-04,370.65
2286,2021-04-05,353.55
2287,2021-04-06,350.55
2288,2021-04-07,358.55
2289,2021-04-08,355.6
2290,2021-04-09,353.0
2291,2021-04-10,353.0
2292,2021-04-11,353.0
2293,2021-04-12,328.85
2294,2021-04-13,341.0
2295,2021-04-14,341.0
2296,2021-04-15,342.7
2297,2021-04-16,339.9
2298,2021-04-17,339.9
2299,2021-04-18,339.9
2300,2021-04-19,331.15
2301,2021-04-20,329.5
2302,2021-04-21,329.5
2303,2021-04-22,336.65
2304,2021-04-23,336.45
2305,2021-04-24,336.45
2306,2021-04-25,336.45
2307,2021-04-26,344.3
2308,2021-04-27,353.05
2309,2021-04-28,363.4
2310,2021-04-29,359.4
2311,2021-04-30,353.5
2312,2021-05-01,353.5
2313,2021-05-02,353.5
2314,2021-05-03,350.6
2315,2021-05-04,351.5
2316,2021-05-05,355.4
2317,2021-05-06,355.55
2318,2021-05-07,358.25
2319,2021-05-08,358.25
2320,2021-05-09,358.25
2321,2021-05-10,361.7
2322,2021-05-11,364.65
2323,2021-05-12,367.7
2324,2021-05-13,367.7
2325,2021-05-14,360.45
2326,2021-05-15,360.45
2327,2021-05-16,360.45
2328,2021-05-17,383.1
2329,2021-05-18,382.25
2330,2021-05-19,384.4
2331,2021-05-20,384.55
2332,2021-05-21,401.2
2333,2021-05-22,401.2
2334,2021-05-23,401.2
2335,2021-05-24,412.05
2336,2021-05-25,412.35
2337,2021-05-26,413.55
2338,2021-05-27,425.2
2339,2021-05-28,422.05
2340,2021-05-29,422.05
2341,2021-05-30,422.05
2342,2021-05-31,424.35
2343,2021-06-01,432.55
2344,2021-06-02,437.25
2345,2021-06-03,439.65
2346,2021-06-04,433.6
2347,2021-06-05,433.6
2348,2021-06-06,433.6
2349,2021-06-07,432.25
2350,2021-06-08,427.2
2351,2021-06-09,421.45
2352,2021-06-10,432.25
2353,2021-06-11,429.6
2354,2021-06-12,429.6
2355,2021-06-13,429.6
2356,2021-06-14,430.35
2357,2021-06-15,429.5
2358,2021-06-16,425.95
2359,2021-06-17,420.25
2360,2021-06-18,412.9
2361,2021-06-19,412.9
2362,2021-06-20,412.9
2363,2021-06-21,419.75
2364,2021-06-22,418.65
2365,2021-06-23,418.85
2366,2021-06-24,417.2
2367,2021-06-25,428.8
2368,2021-06-26,428.8
2369,2021-06-27,428.8
2370,2021-06-28,426.75
2371,2021-06-29,421.5
2372,2021-06-30,419.2
2373,2021-07-01,420.4
2374,2021-07-02,424.4
2375,2021-07-03,424.4
2376,2021-07-04,424.4
2377,2021-07-05,432.65
2378,2021-07-06,429.75
2379,2021-07-07,432.85
2380,2021-07-08,424.45
2381,2021-07-09,423.75
2382,2021-07-10,423.75
2383,2021-07-11,423.75
2384,2021-07-12,427.45
2385,2021-07-13,429.1
2386,2021-07-14,431.05
2387,2021-07-15,431.7
2388,2021-07-16,430.0
2389,2021-07-17,430.0
2390,2021-07-18,430.0
2391,2021-07-19,427.9
2392,2021-07-20,420.9
2393,2021-07-21,420.9
2394,2021-07-22,422.05
2395,2021-07-23,428.9
2396,2021-07-24,428.9
2397,2021-07-25,428.9
2398,2021-07-26,423.3
2399,2021-07-27,429.95
2400,2021-07-28,425.5
2401,2021-07-29,441.55
2402,2021-07-30,431.8
2403,2021-07-31,431.8
2404,2021-08-01,431.8
2405,2021-08-02,434.9
2406,2021-08-03,446.5
2407,2021-08-04,456.95
2408,2021-08-05,441.85
2409,2021-08-06,435.65
2410,2021-08-07,435.65
2411,2021-08-08,435.65
2412,2021-08-09,433.4
2413,2021-08-10,426.45
2414,2021-08-11,428.05
2415,2021-08-12,427.15
2416,2021-08-13,431.2
2417,2021-08-14,431.2
2418,2021-08-15,431.2
2419,2021-08-16,424.85
2420,2021-08-17,421.5
2421,2021-08-18,419.7
2422,2021-08-19,419.7
2423,2021-08-20,406.7
2424,2021-08-21,406.7
2425,2021-08-22,406.7
2426,2021-08-23,409.5
2427,2021-08-24,417.6
2428,2021-08-25,416.25
2429,2021-08-26,410.75
2430,2021-08-27,412.45
2431,2021-08-28,412.45
2432,2021-08-29,412.45
2433,2021-08-30,422.7
2434,2021-08-31,426.05
2435,2021-09-01,429.9
2436,2021-09-02,429.75
2437,2021-09-03,431.4
2438,2021-09-04,431.4
2439,2021-09-05,431.4
2440,2021-09-06,431.05
2441,2021-09-07,429.1
2442,2021-09-08,431.35
2443,2021-09-09,432.3
2444,2021-09-10,432.3
2445,2021-09-11,432.3
2446,2021-09-12,432.3
2447,2021-09-13,432.85
2448,2021-09-14,433.0
2449,2021-09-15,443.85
2450,2021-09-16,463.7
2451,2021-09-17,454.1
2452,2021-09-18,454.1
2453,2021-09-19,454.1
2454,2021-09-20,437.45
2455,2021-09-21,438.8
2456,2021-09-22,438.85
2457,2021-09-23,449.8
2458,2021-09-24,440.75
2459,2021-09-25,440.75
2460,2021-09-26,440.75
2461,2021-09-27,446.6
2462,2021-09-28,444.9
2463,2021-09-29,460.0
2464,2021-09-30,453.0
2465,2021-10-01,451.65
2466,2021-10-02,451.65
2467,2021-10-03,451.65
2468,2021-10-04,463.15
2469,2021-10-05,464.7
2470,2021-10-06,457.2
2471,2021-10-07,457.9
2472,2021-10-08,458.0
2473,2021-10-09,458.0
2474,2021-10-10,458.0
2475,2021-10-11,469.25
2476,2021-10-12,483.0
2477,2021-10-13,481.7
2478,2021-10-14,490.6
2479,2021-10-15,490.6
2480,2021-10-16,490.6
2481,2021-10-17,490.6
2482,2021-10-18,497.95
2483,2021-10-19,488.2
2484,2021-10-20,499.9
2485,2021-10-21,502.95
2486,2021-10-22,502.95
2487,2021-10-23,502.95
2488,2021-10-24,502.95
2489,2021-10-25,506.5
2490,2021-10-26,512.55
2491,2021-10-27,519.15
2492,2021-10-28,501.35
2493,2021-10-29,502.15
2494,2021-10-30,502.15
2495,2021-10-31,502.15
2496,2021-11-01,515.7
2497,2021-11-02,521.7
2498,2021-11-03,527.65
2499,2021-11-04,530.45
2500,2021-11-05,530.45
2501,2021-11-06,530.45
2502,2021-11-07,530.45
2503,2021-11-08,523.25
2504,2021-11-09,529.15
2505,2021-11-10,524.4
2506,2021-11-11,509.6
2507,2021-11-12,511.35
2508,2021-11-13,511.35
2509,2021-11-14,511.35
2510,2021-11-15,506.55
2511,2021-11-16,495.1
2512,2021-11-17,498.15
2513,2021-11-18,503.8
2514,2021-11-19,503.8
2515,2021-11-20,503.8
2516,2021-11-21,503.8
2517,2021-11-22,486.4
2518,2021-11-23,493.05
2519,2021-11-24,493.15
2520,2021-11-25,490.55
2521,2021-11-26,470.5
2522,2021-11-27,470.5
2523,2021-11-28,470.5
2524,2021-11-29,465.1
2525,2021-11-30,460.55
2526,2021-12-01,475.3
2527,2021-12-02,477.0
2528,2021-12-03,473.15
2529,2021-12-04,473.15
2530,2021-12-05,473.15
2531,2021-12-06,465.3
2532,2021-12-07,476.7
2533,2021-12-08,491.55
2534,2021-12-09,488.65
2535,2021-12-10,494.7
2536,2021-12-11,494.7
2537,2021-12-12,494.7
2538,2021-12-13,487.8
2539,2021-12-14,488.55
2540,2021-12-15,484.8
2541,2021-12-16,481.15
2542,2021-12-17,467.8
2543,2021-12-18,467.8
2544,2021-12-19,467.8
2545,2021-12-20,449.2
2546,2021-12-21,446.0
2547,2021-12-22,455.85
2548,2021-12-23,461.8
2549,2021-12-24,456.95
2550,2021-12-25,456.95
2551,2021-12-26,456.95
2552,2021-12-27,458.05
2553,2021-12-28,461.2
2554,2021-12-29,454.4
2555,2021-12-30,451.7
2556,2021-12-31,460.45
2557,2022-01-01,460.45
2558,2022-01-02,460.45
2559,2022-01-03,470.8
2560,2022-01-04,483.5
2561,2022-01-05,492.4
2562,2022-01-06,491.7
2563,2022-01-07,491.25
2564,2022-01-08,491.25
2565,2022-01-09,491.25
2566,2022-01-10,503.65
2567,2022-01-11,505.95
2568,2022-01-12,510.25
2569,2022-01-13,511.35
2570,2022-01-14,508.35
2571,2022-01-15,508.35
2572,2022-01-16,508.35
2573,2022-01-17,514.0
2574,2022-01-18,506.8
2575,2022-01-19,515.8
2576,2022-01-20,511.4
2577,2022-01-21,502.7
2578,2022-01-22,502.7
2579,2022-01-23,502.7
2580,2022-01-24,494.15
2581,2022-01-25,514.65
2582,2022-01-26,514.65
2583,2022-01-27,528.95
2584,2022-01-28,523.45
2585,2022-01-29,523.45
2586,2022-01-30,523.45
2587,2022-01-31,538.3
2588,2022-02-01,532.3
2589,2022-02-02,539.8
2590,2022-02-03,540.1
2591,2022-02-04,530.3
2592,2022-02-05,530.3
2593,2022-02-06,530.3
2594,2022-02-07,533.25
2595,2022-02-08,531.35
2596,2022-02-09,535.25
2597,2022-02-10,540.55
2598,2022-02-11,529.6
2599,2022-02-12,529.6
2600,2022-02-13,529.6
2601,2022-02-14,501.4
2602,2022-02-15,524.8
2603,2022-02-16,516.7
2604,2022-02-17,512.95
2605,2022-02-18,515.3
2606,2022-02-19,515.3
2607,2022-02-20,515.3
2608,2022-02-21,511.85
2609,2022-02-22,498.4
2610,2022-02-23,498.7
2611,2022-02-24,472.65
2612,2022-02-25,482.95
2613,2022-02-26,482.95
2614,2022-02-27,482.95
2615,2022-02-28,483.2
2616,2022-03-01,483.2
2617,2022-03-02,474.25
2618,2022-03-03,467.4
2619,2022-03-04,461.95
2620,2022-03-05,461.95
2621,2022-03-06,461.95
2622,2022-03-07,440.3
2623,2022-03-08,440.3
2624,2022-03-09,451.7
2625,2022-03-10,468.7
2626,2022-03-11,470.35
2627,2022-03-12,470.35
2628,2022-03-13,470.35
2629,2022-03-14,485.15
2630,2022-03-15,485.85
2631,2022-03-16,492.75
2632,2022-03-17,501.9
2633,2022-03-18,501.9
2634,2022-03-19,501.9
2635,2022-03-20,501.9
2636,2022-03-21,490.6
2637,2022-03-22,493.7
2638,2022-03-23,490.65
2639,2022-03-24,487.1
2640,2022-03-25,490.7
2641,2022-03-26,490.7
2642,2022-03-27,490.7
2643,2022-03-28,497.5
2644,2022-03-29,495.0
2645,2022-03-30,494.3
2646,2022-03-31,493.55
2647,2022-04-01,508.2
2648,2022-04-02,508.2
2649,2022-04-03,508.2
2650,2022-04-04,512.4
2651,2022-04-05,509.4
2652,2022-04-06,513.95
2653,2022-04-07,514.95
2654,2022-04-08,516.1
2655,2022-04-09,516.1
2656,2022-04-10,516.1
2657,2022-04-11,514.9
2658,2022-04-12,512.85
2659,2022-04-13,517.7
2660,2022-04-14,517.7
2661,2022-04-15,517.7
2662,2022-04-16,517.7
2663,2022-04-17,517.7
2664,2022-04-18,509.5
2665,2022-04-19,511.8
2666,2022-04-20,509.3
2667,2022-04-21,516.3
2668,2022-04-22,500.6
2669,2022-04-23,500.6
2670,2022-04-24,500.6
2671,2022-04-25,494.75
2672,2022-04-26,505.5
2673,2022-04-27,497.25
2674,2022-04-28,507.5
2675,2022-04-29,496.3
2676,2022-04-30,496.3
2677,2022-05-01,496.3
2678,2022-05-02,491.0
2679,2022-05-03,491.0
2680,2022-05-04,479.65
2681,2022-05-05,480.0
2682,2022-05-06,483.95
2683,2022-05-07,483.95
2684,2022-05-08,483.95
2685,2022-05-09,475.9
2686,2022-05-10,475.2
2687,2022-05-11,476.55
2688,2022-05-12,462.65
2689,2022-05-13,444.65
2690,2022-05-14,444.65
2691,2022-05-15,444.65
2692,2022-05-16,455.0
2693,2022-05-17,467.3
2694,2022-05-18,458.0
2695,2022-05-19,447.5
2696,2022-05-20,462.4
2697,2022-05-21,462.4
2698,2022-05-22,462.4
2699,2022-05-23,460.9
2700,2022-05-24,462.05
2701,2022-05-25,454.1
2702,2022-05-26,468.9
2703,2022-05-27,468.95
2704,2022-05-28,468.95
2705,2022-05-29,468.95
2706,2022-05-30,474.6
2707,2022-05-31,468.1
2708,2022-06-01,468.3
2709,2022-06-02,469.85
2710,2022-06-03,464.5
2711,2022-06-04,464.5
2712,2022-06-05,464.5
2713,2022-06-06,463.7
2714,2022-06-07,463.4
2715,2022-06-08,471.3
2716,2022-06-09,466.95
2717,2022-06-10,461.85
2718,2022-06-11,461.85
2719,2022-06-12,461.85
2720,2022-06-13,445.85
2721,2022-06-14,448.1
2722,2022-06-15,451.35
2723,2022-06-16,441.6
2724,2022-06-17,441.0
2725,2022-06-18,441.0
2726,2022-06-19,441.0
2727,2022-06-20,434.7
2728,2022-06-21,450.75
2729,2022-06-22,447.65
2730,2022-06-23,451.4
2731,2022-06-24,454.25
2732,2022-06-25,454.25
2733,2022-06-26,454.25
2734,2022-06-27,461.2
2735,2022-06-28,464.25
2736,2022-06-29,459.1
2737,2022-06-30,465.9
2738,2022-07-01,466.85
2739,2022-07-02,466.85
2740,2022-07-03,466.85
2741,2022-07-04,473.45
2742,2022-07-05,472.15
2743,2022-07-06,479.95
2744,2022-07-07,486.75
2745,2022-07-08,488.55
2746,2022-07-09,488.55
2747,2022-07-10,488.55
2748,2022-07-11,488.2
2749,2022-07-12,484.95
2750,2022-07-13,486.5
2751,2022-07-14,479.35
2752,2022-07-15,479.1
2753,2022-07-16,479.1
2754,2022-07-17,479.1
2755,2022-07-18,490.3
2756,2022-07-19,497.95
2757,2022-07-20,508.6
2758,2022-07-21,512.05
2759,2022-07-22,513.7
2760,2022-07-23,513.7
2761,2022-07-24,513.7
2762,2022-07-25,517.8
2763,2022-07-26,514.2
2764,2022-07-27,528.2
2765,2022-07-28,532.45
2766,2022-07-29,528.35
2767,2022-07-30,528.35
2768,2022-07-31,528.35
2769,2022-08-01,533.75
2770,2022-08-02,542.1
2771,2022-08-03,540.85
2772,2022-08-04,533.25
2773,2022-08-05,531.05
2774,2022-08-06,531.05
2775,2022-08-07,531.05
2776,2022-08-08,520.4
2777,2022-08-09,520.4
2778,2022-08-10,514.7
2779,2022-08-11,524.75
2780,2022-08-12,530.7
2781,2022-08-13,530.7
2782,2022-08-14,530.7
2783,2022-08-15,530.7
2784,2022-08-16,525.95
2785,2022-08-17,528.15
2786,2022-08-18,532.35
2787,2022-08-19,520.35
2788,2022-08-20,520.35
2789,2022-08-21,520.35
2790,2022-08-22,511.3
2791,2022-08-23,521.9
2792,2022-08-24,519.3
2793,2022-08-25,520.4
2794,2022-08-26,523.8
2795,2022-08-27,523.8
2796,2022-08-28,523.8
2797,2022-08-29,514.85
2798,2022-08-30,531.25
2799,2022-08-31,531.25
2800,2022-09-01,533.3
2801,2022-09-02,536.7
2802,2022-09-03,536.7
2803,2022-09-04,536.7
2804,2022-09-05,538.9
2805,2022-09-06,537.8
2806,2022-09-07,532.85
2807,2022-09-08,544.65
2808,2022-09-09,553.35
2809,2022-09-10,553.35
2810,2022-09-11,553.35
2811,2022-09-12,554.9
2812,2022-09-13,558.0
2813,2022-09-14,571.75
2814,2022-09-15,572.15
2815,2022-09-16,561.8
2816,2022-09-17,561.8
2817,2022-09-18,561.8
2818,2022-09-19,572.25
2819,2022-09-20,574.05
2820,2022-09-21,569.7
2821,2022-09-22,567.3
2822,2022-09-23,550.6
2823,2022-09-24,550.6
2824,2022-09-25,550.6
2825,2022-09-26,543.3
2826,2022-09-27,536.5
2827,2022-09-28,524.85
2828,2022-09-29,521.75
2829,2022-09-30,530.6
2830,2022-10-01,530.6
2831,2022-10-02,530.6
2832,2022-10-03,519.75
2833,2022-10-04,532.7
2834,2022-10-05,532.7
2835,2022-10-06,537.3
2836,2022-10-07,530.2
2837,2022-10-08,530.2
2838,2022-10-09,530.2
2839,2022-10-10,530.75
2840,2022-10-11,527.4
2841,2022-10-12,533.8
2842,2022-10-13,521.45
2843,2022-10-14,527.2
2844,2022-10-15,527.2
2845,2022-10-16,527.2
2846,2022-10-17,543.65
2847,2022-10-18,562.45
2848,2022-10-19,553.4
2849,2022-10-20,555.4
2850,2022-10-21,560.85
2851,2022-10-22,560.85
2852,2022-10-23,560.85
2853,2022-10-24,570.5
2854,2022-10-25,578.55
2855,2022-10-26,578.55
2856,2022-10-27,579.65
2857,2022-10-28,570.75
2858,2022-10-29,570.75
2859,2022-10-30,570.75
2860,2022-10-31,573.8
2861,2022-11-01,573.8
2862,2022-11-02,573.8
2863,2022-11-03,584.9
2864,2022-11-04,593.95
2865,2022-11-05,593.95
2866,2022-11-06,593.95
2867,2022-11-07,614.15
